info-edunetworkpartners.com@shared1.ccsend.com
natali@accredible.com
hbsm6609@police.aricsmants.com
erickjackson@lemonlightpro.us
deborah.smith@eco-webinar.com
lori.a.spangrud@m.gsk.com
response@mailer.plegalc.com
info@samsungusa.com
HIPAACOW@badgerbay.co
meghanl@badgerbay.co
hizon.cyron@schmitz-rz-consult.co
andrew.berry@netzero-usa.com
petersophiai@x0g8eqb.onmicrosoft.com
social@uef.org
doasurvey@boltzs.com
dashpass.member.experience@doordash.com
news@virtualization-online.org
support@bet.plus
jklipp@laboratoryeconomics.com
jbryan@atriumstaff.com
invite@harrispollresearch.com
citicards@info15.citi.com
sofi-specialty-servicing@mohela.com
elizabethsmith45698@gmail.com
martinnirom@gmail.com
healthscience@biomed-res.com
mira@blumira.com
lynntonmoversservices@outlook.com
eden.qu@mdpi.com
michaelkoyepes199@gmail.com
tinarose08149@gmail.com
noreply@mohela.com
michaelmichaelk199@gmail.com
michellecruz0019@gmail.com
PMU@bhcustom.bulletinhealthcare.com
rosegfg23@gmail.com
wolfeclark868@gmail.com
vhernandez8556@stu.nuc.edu
dashpass.member.experience@doordash.com
kahoot@team.kahoot.com
invite@harrispollresearch.com
acavaco@ihi.org
grace.sterling@titansclarity.com
customerservice@tv.directv-mail.com
t2dpeerperspectives@kolviews.com
donotreply_milestonecard@email.concoracredit.com
sales@sonomeus.com
site@spoty.gr
usapedscoordinator1@gmail.com
meetings@ashp.org
mgmariah69@gmail.com
gardner@personnelboard.org
pamela.white@rehab.alabama.gov
information@lemsawarehcp.com
medintel@hcpconnects11.com
no-reply@dayvigohcp.com
devin@statepension.org
Communications@Rapid7.com
prosemberg@cogentco.com
moniccaromano@gmail.com
hello@id.me
tommy@gandgmgmt.com
john22kenzie@hotmail.com
donot.reply@svcfin.com
natalia.x.hong-sun@questdiagnostics.com
noreply@em.calm.com
billy@true-owndisability.com
info@vaultproducts.com
Erik.Cross@insight.com
info@mail.santanderconsumerusa.com
customersupport-us+al@indebted.co
ReleaseManagement@comms.athenahealth.com
postmaster@expressbadging.com
producao@luizffaria.com.br
lauri.buzianis@invitae.com
membership@sigmaxi.org
al.bunge@truevalue.net
rd9969100@gmail.com
kwmomx2@bellsouth.net
tnxpaul@gmail.com
jay@atlanticpension.com
chiesi.marketing@bounceback.chiesiusa.com
billy@true-owndisability.com
josaphyspoon@gmail.com
Corey.Lyden@TwinOakAdvisors.com
info@englishwithvalerie.nl
marskele4life@gmail.com
info@nnpc.com
asiainvestigationdept@gmail.com
missritastanrox@gmail.com
man.hor@casmr.com
chris@botdoc.us
donotreply@ospreycompliancesuite.com
m.eryk@twojsklep-pozycjonowanie.pl
service.hfogroup@gmail.com
sshaikhroshni@gmail.com
vrajaganesh1997@gmail.com
sales@sales.com
julietezekli19@gmail.com
andreachantelroberts@aol.com
agripark@tokyo-ja.or.jp
abhishekbhagaur2004@gmail.com
gilbertrobert298@gmail.com
steve@reckoutb.ml
noreply@securehostdns.com
jaq@glb-omd-srv1.tpg.com.au
Jorge.Barrera@wolterskluwer.com
uwm@loanadministration.com
support@thehorizons.in
paymentadvisoryboard047@gmail.com
mrs.mceze2011@gmail.com
dispatch@minneapolisparks.org
info@tavanbogd.com
mrmichaelbassjason675890@gmail.com
mr.godswillzambar21@gmail.com
andrespe@educarchile.cl
alicomikeforreal@gmail.com
evelynbenz0002@gmail.com
info@IMF.org.com
elizabethmrs01@gmail.com
rdaigle@gadolinresearch.com
3344447737@mms.att.net
engr.frcopinto1@gmail.com
omegachike@gmail.com
willy@cwpanama.net
att314288@gmail.com
jesseb@inwhatlanguage.com
jan.gailey@thomassci.com
hmike7450@gmail.com
apumpkin1971@yahoo.com
alejandroserna@growth.visualizeroi.com
dr.beatdutli204@gmail.com
ConsumerCommunication@unifinemail.com
shirleyyonkor3000@gmail.com
ninacoulibaly333@gmail.com
aminatzikri24@gmail.com
danezeg79@gmail.com
mpho.juu1@gmail.com
Pravin.Subasinghe@simulationiq.com
effiongeffiong429@gmail.com
aljzeraaljar@gmail.com
gclinton918@gmail.com
knapp.kinsley@gmail.com
info@albayantravel.com
harouedrao55@gmail.com
westernuniontransferofficer5@gmail.com
mrwilliamc.dudley9@gmail.com
erichodin4@gmail.com
pintoengr5@gmail.com
zackg@bestphoenixseo.net
mccoy@myechoenv.com
evelynbenz0022@gmail.com
mariongrant@beld.net
stevens@brandrpm.com
shipmentinfo2017@gmail.com
exrtcdrrt1@gmail.com
milalily2020@gmail.com
merida@cliente.tigo.com.ni
khushi.bansal@grgonline.com
chevvanthi1205@gmail.com
mycreditguy@gmail.com
test@central.mercfresh.com
james.comey09@gmail.com
hospitalfile006@gmail.com
mrsmariaseverina@gmail.com
charleskochfoundation299@gmail.com
mrkofianan1@gmail.com
mehrdad.mazloum@gmail.com
saharkamali2010@yahoo.com
ninacoulibaly78.info@gmail.com
info@dagtravel.it
mr.godswillzambar22@gmail.com
xx@yy
hamzabellofmffgn07@gmail.com
barry.smith0155@gmail.com
abefeishola6@gmail.com
bankforafric33@gmail.com
lamberttabou@gmail.com
trustb089@gmail.com
nazifisuleiman1992@gmail.com
barkey9@gmail.com
lawkab272@gmail.com
support@ehingbetisummit.com
file23234122@gmail.com
bill@mareacap.com
anofficefile0@gmail.com
godwincbnnn@gmail.com
mustaphaib58@gmail.com
johnmoor1102@gmail.com
support@ideamax.ca
bankdeturkiye@gmail.com
mr.godswillzambar20@gmail.com
james@parkplaceinvesting.com
leonicia@gmail.com
michelle.wilson@leadprofilegroup.onmicrosoft.com
nina.coulibaly011@gmail.com
richardortegaortega2@gmail.com
ofamericabank510@gmail.com
willamsinphandersuin@gmail.com
arwuonphescott@gmail.com
martinafrancis655@gmail.com
sly.johnsona8@gmail.com
masonalexander297@gmail.com
bind@monte.nsw.edu.au
mbulaconsult@gmail.com
fabienbarou1@gmail.com
yoriyori27@jcom.zaq.ne.jp
paulgrace2659@gmail.com
ej127902@gmail.com
mohammedboutagh@gmail.com
unitedsym4@gmail.com
melaniatrump690@gmail.com
test3@fuse.net
nicholas.stock@gmail.com
hei@n-connect.net
diplomat5.emakajohn@gmail.com
tim@shermanbrothersroofing.com
smtpfox-v5a4o@sensatezdepilacao.com.br
stewartlinda107@gmail.com
mrarohluke@gmail.com
grandhomesrecruitment@gmail.com
pritzkerstanl@gmail.com
ausman222@inbox.lt
onyekwuwilliam@gmail.com
waqsfvzyujkgood@outlook.com
gredsazgooddw@outlook.com
goodmanwqarz@outlook.com
goodmanjjk@hotmail.com
goodmanzx1847you@outlook.com
goodmanv5gw3@outlook.com
sobuj.sobuj.10002@gmail.com
kburaczynski@3lowalbrzych.com
ann6855555@gmail.com
postmaster@cloud28.porta80.com.br
mw0175250@gmail.com
inneke@rising.com.sg
muaortho@brain.net.pk
peterchukwuyem@gmail.com
maryhlyon@gmail.com
jjamesdaen@gmail.com
jjd260933@gmail.com
cassandra@moneygeek.com
lizy.williamsmrs@gmail.com
et162378@gmail.com
miszal1414@gmail.com
iman.aqila@pesona.com.my
carlos.nava@i2medi.com
shirane@p-dw.co.jp
reservations@makatidiamond.com
becarioreyes@cnmexico.com.mx
info@skypaktours.co.jp
usafile.org933@gmail.com
diego@dipsa.us
hr.shantex@shaningroup.net
a.watanabe@lemon-web.co.jp
albertomalaroda@alice.it
catherine@11hrg.com
eric@email.trueaccord.com
support+state-retirement.com@ccsend.com
jairhernandez@hamelectrica.com
b.medical@ktr.kz
christopherdirector4@gmail.com
sugiyamadensetu@yellow.plala.or.jp
wh6056464@gmail.com
johneyalbert83@gmail.com
vweb.tpg.com.au@tpg.com.au
fredhillogossfred@gmail.com
talib3147@gmail.com
wo952669@gmail.com
alexis.bennett@qgenda.com
mr.collinsvuyisile@gmail.com
icpcoffice97@gmail.com
icpcoffice98@gmail.com
lssvincci@gmail.com
idrisfatima3030@gmail.com
ivorackova@mupt.cz
zembova@nspka.cz
samsung-rt1@samsunggalaxy.email
fatumatandaye@gmail.com
fbidirector333@gmail.com
mrsmayaluis2@gmail.com
officefilefb123432@gmail.com
compasssecucompltd@gmail.com
vossyuri2@gmail.com
flyairpeace645@gmail.com
dbank438@gmail.com
alfonso@solimano.ca
micro360official@gmail.com
wantanee.b@tanagroup.net
interpolconsultantdesk@gmail.com
fbiusa329@gmail.com
test@agileitsolution.com
nduejuaforvictor@gmail.com
dia.cot@salsaysalon.com
godwin11emefiele@gmail.com
jamescheng1970@gmail.com
yusufabdullahi3637@gmail.com
mike@thesoleran.com
mrsalansari13@gmail.com
attendance@toolyt.com
nnaemekamyguy@gmail.com
ballarop@dimins.com
investmentsale@rcm1.com
kaitlynbrannon11@gmail.com
johnwil3257@gmail.com
konefatima2021@gmail.com
rick@rstannard.com
don804053@gmail.com
nilgiriidxb@gmail.com
dmc19667@gmail.com
al3236664@gmail.com
mfredi054@gmail.com
mgfile2013@gmail.com
aliiqrar1973@gmail.com
westlandcot@gmail.com
dhlb482@gmail.com
drarunadavid01@gmail.com
markkaka002@gmail.com
support@registeredagentsinc.com
support@sithombo-ohs.co.za
suzanne.howard@defiancecorpexpert.com
hotelmanager010@gmail.com
nicola@studioargentini.it
omoiyari@ama-shakyo.jp
david.martinache@univ-artois.fr
atmtransferoffics02@aol.com
karishma@connect2science.in
princemonofem@gmail.com
dem55823@gmail.com
emrsaisha022@gmail.com
juanpicaso494@gmail.com
dradamsdavid1@gmail.com
mrscynthiaclifford@msn.com
littledrmo@aol.com
toiawase@staff-tokai.com
gestion.interna@netlan.cl
primaria@primariatirgusor.ro
adminmps@bumagroup.com
nbuendia@joskes.com.mx
jairo.salazar@supermexdigital.mx
zakup@wcm.kz
Bon_Appetit@e-mail.condenast.com
ssnyder@moore.edu
kuhter@moore.edu
luz@arnetusa.com
paulkelvin172@gmail.com
noreply@capitalonesettlement.com
dhlcustomercustomer@gmail.com
markn@nbltt.com
16629070512@pix.cspire.com
icarecentre9@gmail.com
asinsecga1985@binkmail.com
shallonb@ragan.com
postmaster@ns396106.ip-94-23-7.eu
assassingblack932@gmail.com
diplomatwillians11@gmail.com
efedex47@gmail.com
henry14241541m@gmail.com
ahenslee@boemortgage.com
admin@timesheet.co.in
murray.auchincloss16@gmail.com
kontakt1@teppichatelier-bochum.de
ogwalboniface1978@gmail.com
infocontact560@gmail.com
academic@academic-announcements-edu.online
joe@provdoc1.com
joe@practiceopp.com
experts@expertinstitute.com
scheduler@state-retirement.com
info@mail.kjs.ac.ug
lxdu@263.net
infoclaimagency2@gmail.com
fatimaadamu6696@gmail.com
zorajafari@gmail.com
vincent@vip.8tee.com
info@custom.us
scottmoses.co@gmail.com
officeandfile13@gmail.com
antnjhn32@gmail.com
echirino@sudebip.gob.ve
georgecooper0027@gmail.com
mrskatherinep@gmail.com
info@actionet.com
cavergara18@alumnos.utalca.cl
text@smtpt.jp
wei_jx@vann.com.cn
kj4jk4kj@gmail.com
hassangilbert57@gmail.com
majorgeneralbabagana@gmail.com
mimike867@gmail.com
brumaloansconsultant010@gmail.com
jnnanna77@gmail.com
dmrdavidnikiema@gmail.com
joyonyinye435@gmail.com
frankajackson119@gmail.com
westernunionu334@gmail.com
omnitracs@omnitracs-sa.com.ar
1106262033@stu.cute.edu.tw
donitusomollo@gmail.com
loomis.naoffice@gmail.com
opayment66@gmail.com
mb2563056@gmail.com
lsbthdwrds@gmail.com
bankof43@gmail.com
codefmomo@gmail.com
wongbenjamin103@gmail.com
georgecooper0023@gmail.com
eselegbe@gmail.com
tntcouriercompany26@gmail.com
pjt@pimskorea.com
faith_lee@cs-tech.com.tw
millerymartins6@gmail.com
varunnaik55@gmail.com
wellington.rodrigues@sudamin.com.co
nikitajaij122@gmail.com
brianscoott12@gmail.com
johnwilliam4881120@gmail.com
gen.frnanna@gmail.com
officialprofile26@gmail.com
geral@smastv.pt
ahertrupti89@gmail.com
ConsumerEmail@hunterwarfield.com
kreilly@pbmares.com
info@ashoko.co.jp
support@exitpoint.ushop.wallpostsoftware.com
info@anhuisilk.com
test2@dolmengroup.com
un000nig@gmail.com
hanifabashir1212@gmail.com
test@kch.kagoshima.jp
arnaudgnanha@gmail.com
munit2023@gmail.com
emarangon@alice.it
info@angusrobertson.com.au
info@pannon-protect.eu
mrsmerion2@gmail.com
chrisbadenhorst3.rsa.ctb@outlook.com
zakarimagaji390@gmail.com
elizabeth.peters1977@gmail.com
frankajackson550@gmail.com
laundry@weilhotel.com
prosperhumble7@gmail.com
info@caltimes.com
sandrabons02@gmail.com
rosecarla0222@gmail.com
marines.florido@goteleport.com
krisv@foamfabmn.net
t.satobi@eframe.jp
zahira@ibsflanka.com
server@willie.org
jmshill6060@gmail.com
dc3840288@gmail.com
georgelarry583@gmail.com
it@rea.ru
dolgov@lucido.eu
misterb5@cogeco.ca
test@gtes.kz
perry@districtassistance.com
glenn.ryan@northstarfinancial.com
exrdcrtrr1@gmail.com
kamalpsd@gmail.com
wfrs@wellsfargo.com
fmajord@jandjelevated.com
aljoharahahmed7139@gmail.com
news@newsmobilecounty.com
omachoroland@gmail.com
contabilidad@prostar.com.mx
jgomez@asimexglobal.com
geraldjjjjhhh10@gofsfbank.com
ernandes@distribuidorafama.com.br
gladyskonte24@gmail.com
mecaprod2311@gmail.com
joachambers99@gmail.com
pacificibiz@gmail.com
rayyanderrson@gmail.com
foreignpaymentbureasec@gmail.com
missksadia04@gmail.com
nathancolefiles@gmail.com
ameliamahjabeen1234@gmail.com
a-tamura@kanazawa-pool.jp
moneygrmoffice5@gmail.com
anindya.ganguly.ccu@unique-logistics.com
goto@kk-fortec.jp
t.aoto@fujiken2464.co.jp
schrbern@amazon.com
hum.gre@floridaarsonseminar.com
julietkabuka@gmail.com
info@lotto.eu
jontomson40@gmail.com
sehounnonj@gmail.com
steve@coastalpando.com
ffwk-wakonews@fujifilm.com
gashton137@gmail.com
kristengrie199@gmail.com
dr.jonesclement2@gmail.com
georgea@vip.popcorngrowth.com
mrs.biyufungchi15@gmail.com
ahmedyusuf134@gmail.com
lamido.sanusigovernorcentralba@gmail.com
kristengriest1822@gmail.com
uk_dir@svg.ru
2472618030@qq.com
kouassiarbert@gmail.com
jtrevor@mindcotine.com
okwuegomoni@gmail.com
alisonke444@gmail.com
registration@coren.gov.ng
rolivincent007@gmail.com
brainceo4545@gmail.com
atendimento@implantecmg.com.br
obrak1@berango.org
support@lagdia.com
uchennaokeke120@gmail.com
zkas1202@kodaco.co.kr
umaridris6066@gmail.com
claimdepttmet@gmail.com
drganisule67@gmail.com
lawsonw411@gmail.com
support@faydalarineler.com
davidmarklawyer7@gmail.com
mrpaulmello028@gmail.com
greenjon2010@gmail.com
inflotto96@gmail.com
claimdeptt885@gmail.com
agenttomwillis464@gmail.com
tekatokikuta6859@gmail.com
davidemmanuel0024@gmail.com
Chris.Craighead@cbre.com
jsims@pccmonroeville.com
nicole=mail.newmouth.com@o.newmouth.com
jitender.kumar@aditinfra.com
gchileshe@specialised.com.zm
vpowell@pccmonroeville.com
jamieduncan537@gmail.com
asa784413@gmail.com
axel.voigt@xchanging.com
barrpaowolabisa@gmail.com
dhldeliverycompany014@gmail.com
joshua.greenlaw@avasecurity.com
Katie.Cooper@iconplc.com
surveys@email.formspro.microsoft.com
jessica@pandemicreliefsupply.com
jenniferjoymary@gmail.com
tao.xing@cfg-barco.com
abrunet@bruand.com
jamesreed8008@gmail.com
ayushjain.digicore@gmail.com
jhardison@usascientific.com
brian+americanpropertygroup.com@ccsend.com
admin@engineeringmeetings.com
allfundsbank81@gmail.com
andreza@roomtek-sjc.com.br
bridgettelwerwhf44@gmail.com
jgary340@gmail.com
kennethdonald192@gmail.com
foperation9@gmail.com
epet91999@gmail.com
impertawre@hotmail.com
hosting@saahasfoundation.org
lisa@fosheeresidential.com
hosting@casaeconfortoar.com.br
hananbilyaminu2020@gmail.com
grace_erik@aim.com
godwinyunana2019@gmail.com
rosejames588@gmail.com
donotreply@fbinternettrackingsettlement.com
hmtresaurr@hotmail.com
sw719288@gmail.com
goodluckudo651@gmail.com
ubank60@gmail.com
markboyce027@gmail.com
ibrahimsulaimangiwa@gmail.com
drhelmut63@gmail.com
morgajames1960@gmail.com
jaslinikhsan7@gmail.com
jaslin698@gmail.com
desmondeta@gmail.com
tintup08@gmail.com
jacobtongna@gmail.com
lawantijjaniinuwa@gmail.com
BarCharlesmorgan@Un.org
Artificial_Intelligence@AIML-tech.org
dmoriarty98@outlook.com
office@hermes-trading.com.ua
rezesne.ando.csilla@nmgyvk.hu
adm01@gki.vn
agung@gammabuana.com
testing@chemicalpulse.com
bryan.murray@redeapp.com
webtyyqq@outlook.com
eunicemuthonimuriithi3@gmail.com
oser80954@gmail.com
y-takahagi@logitec.cc
colin@alembic-tech.com
p_nowek@szpital.uwm.edu.pl
Michelle.Feilden@panerabread.com
luigi.cuminale@tin.it
jasu178810022@gmail.com
jaslinikhsan6@gmail.com
info@stoutbuild.com
mahalalghunaim@gmail.com
hamedouatt086@gmail.com
mrjohnsonadams292@gmail.com
ben.williams@dexasolutions-llc.com
susan.williamson@qentelli.us
xdanxefebo@gmail.com
habibasaidu888@gmail.com
seki@e-kowado.com
infoannagarcia@gmail.com
g5TNId.05203.V8@spam.speedtech.com.tw
louisdejoy538@gmail.com
js4096527@gmail.com
w.w.diamondbankplc@gmail.com
michael.langley@thermofisher.com
design-osa@shobido-f.com
ce.0772275e@ac-creteil.fr
mckay4208@gmail.com
asoshamsideen@gmail.com
shlee@systemgate.co.kr
rb9004062@gmail.com
cvopfd@jcom.zaq.ne.jp
ngt.muktar57@gmail.com
ahmedmustafaubandoma@gmail.com
missrew64208@netvigator.com
Jones.Carol@briggscorp.com
mrjameswilbert2@gmail.com
felipe.go@diginetbrasil.com.br
luis.vazquez@farmamigo.com
l.phea@iic.edu.kh
iwaki-vy@dowa-kogyo.co.jp
kwaters@pccmonroeville.com
outsource_tooling@colibri.co.th
s-tsukamoto@osika.co.jp
585veglin@vw-svauto.ru
prakit.p@colibri.co.th
fugu@modders.de
torii@twatwa.ne.jp
cindyfreeman@auroratraining-mailer.net
nakcyu@kl.wind.ne.jp
aleeyuhaidaraleeyu@gmail.com
igor.sisaric@ceste-split.hr
rushikpurvith138@gmail.com
kato@co.jp
info@msam.org
anjali.seomanager123@aol.com
vikkychonco@gmail.com
missraq8974@netvigator.com
nr989539@gmail.com
nidhi.rao@absyz.com
mctown.jane@invigomedia.com
rendelelliot58@gmail.com
nara@toakogyosho.co.jp
onayelekazeem@gmail.com
info@enersac.com
kee.hoo@musicpda.com
walser@militarytimes.com
claudiasimmo47@gmail.com
ffinalwarning01@gmail.com
teodor.ring@allears.ai
mrtimothylee761@gmail.com
cvbutparker4478@gmail.com
princessashinjo2018@gmail.com
amaaofoossuu@gmail.com
jcrojasg@libertadores.edu.co
pedidos@osapsn.local
nina@ga-in.co.id
w7761351@gmail.com
mrkennethrobertson1@hotmail.com
missre9041@netvigator.com
zonith-tranings@t-nline.de
habibusambo6@gmail.com
fbifile09809@gmail.com
saminubilya8@gmail.com
mrsjosiewilson11@gmail.com
Ana@oncologysystems.com
whiteofficails57@gmail.com
lamidoartis772@gmail.com
lmoore@grantproposalwriters.com
rbank135@gmail.com
info@tiansiang.com
mrs.patricialugan24@gmail.com
course@email.simplivlearning.com
fbifile20151@gmail.com
oiuy@miledenmo.com
frbonlinepayoffice189@gmail.com
noreply@pluginmkt.com.br
terabelahonay@gmail.com
support@comitedactionparcex.org
t0xasviridihas@gmail.com
luciolejoie@gmail.com
jamesofforii@gmail.com
commercial@interloopbd.com
dheeraj-wallstreetmojo-com@mailing.educba.com
airportcustommanagementusa@gmail.com
noreply@mohela.com
monicabentley645@gmail.com
patalabi2013@gmail.com
olivieraandrew33@gmail.com
wendelsiqueira@est.oabsp.org.br
christopherwary915@gmail.com
sumayyaahmad285@gmail.com
saaduzairu6@gmail.com
Nour.Atout@helsingborg.se
info@lee.com
westernunion00410@gmail.com
khasimmatata@gmail.com
puichnc@gmail.com
am3083931@gmail.com
spalma@rpi.gob.gt
editor@jsmscholar.com
interpolpolicecommand042@gmail.com
bgabriela.j203@gmail.com
drdeiudonne.naibilla068@gmail.com
harrisonbello19@gmail.com
lsellers@sccoast.net
claimsofficen@gmail.com
shyamugupta12@gmail.com
unitednationunesco@gmail.com
aumatoppy19@gmail.com
alhassansadeesu@gmail.com
timnduy@gmail.com
investdpt1@gmail.com
faahmed965@gmail.com
abubakkar2307@gmail.com
unitedeuropeanbank.unitedbank@gmail.com
Trent.Joiner@on24.com
es05021992@gmail.com
mccookirene119@gmail.com
mh263522@gmail.com
rowlandnwaeze48@gmail.com
conpdept@gmail.com
Wallace.Danzinelli@rpn.ch
jasenorris826@gmail.com
vigartrust.inc@gmail.com
marikaheikkilahere@gmail.com
alex@johnsaffordablestorage.com
drjohniykeeze1@gmail.com
satyajeetchoudhary@outlook.com
bodjrenoupascaline240@gmail.com
aliyoukuchi@gmail.com
baby@provedorm.com.br
aliyuhashimu4007@gmail.com
coopermichael362@gmail.com
info@uscustom.org
j2@defense.gov
agueronaku@gmail.com
willchibuikem@gmail.com
audebertillevockpiad@gmail.com
eaglecourierexpressbj@gmail.com
mcary@alamosaschools.org
officedetpartmemt993@gmail.com
abubakarisah3274@gmail.com
almagogo01@hotmail.com
donate@info.com
eric@use.programmersio.com
jonathan@aimpanyc.com
agarciah@acoyoacan.cdmx.gob.mx
alfonzoxjansseni942@gmail.com
news@southal.info
sgtmariasmith@gmail.com
j.mcdermott@grouplawsllp.com
hamidoubomga@gmail.com
ac.pondybazaar@ctd.tn.gov.in
post@roecken-hans.de
petermartins212@gmail.com
post@marc-reinhardt.de
benardabutu@gmail.com
post@gs-nb.de
post@ma28.wien.gv.at
deborahjegede04@gmail.com
shwanafs7@gmail.com
mrsayakaazumi12@gmail.com
jicheng.wei@cfg-barco.com
bobkings851@gmail.com
ges2@accesscomm.ca
bankamerica509@gmail.com
social@revistacosmos.com
arshadkaleri92@gmail.com
s-watanabe@sokken.asia
cl3926663@gmail.com
contact.firs.gov.ng@gmail.com
abdulraisiaka@gmail.com
yaroslavlutsyk007@gmail.com
Publishers@kemendesa.go.id
jdparts@263.net
fran2477@netvigator.com
Melvin62@kpmg.com
richard@ford.com
giftcollins87@gmail.com
milesjake124@gmail.com
iealbarracin@utpl.edu.ec
dennisbarnes621@gmail.com
dinnocent763@gmail.com
maryamauwalbala959@gmail.com
jgal@ath.forthnet.gr
test@goclouds.plus
usaamericane9@gmail.com
gerencia.tributaria@munitacna.gob.pe
hadi.shaito@jahani-associates.com
resc06666@gmail.com
info@fbn.org
Wildfang@t-online.de
hdakwesi8@outlook.com
yongfang.zhang@cfg-barco.com
duplessisd@anovahealth.co.za
ubj003306@gmail.com
garry@init.lt
goodnessjames600@gmail.com
postmaster@capmatic.com
bmoy236@gmail.com
mralexanderjonas@gmail.com
uchennaitemba620@gmail.com
elizabeth@provedorm.com.br
Artificial_Intelligence@oajaiml.onmicrosoft.com
sales2@solid2005.com
Melvin98@kpmg.com
info@hovlin.com
customerservice@tv.directv-mail.com
mkalibe1@gmail.com
muhammedsalisu388@gmail.com
dhlshipping670@gmail.com
nazeeadam8@gmail.com
info@maenosyouten.net
mariiannehsv@gmail.com
F.Lewis@craneware.com
akinsolayusuf100@gmail.com
auwalidaniya1@gmail.com
raman2m19@gmail.com
help@starz.com
bashiruahmad397@gmail.com
sakthicoco@sakthicoco.com
ccesar@frc.utn.edu.ar
rerrazur@manquehue.net
peterarmstrong451@gmail.com
jnnnnnnnnaaaww11@gmail.com
federalreservebank188@gmail.com
mrezema@gmail.com
mrst98752@gmail.com
monitoring@mail.pamico-czech.cz
semttran@cacoal.ro.gov.br
mrsrosemarychan470@gmail.com
willamsjhon16@gmail.com
offi80252@gmail.com
admin@msn.com
koclementine@gmail.com
lawyermerrickgarland@gmail.com
franciscoperezcre@consultant.com
wschen@vghtpe.gov.tw
d.bednarska@wsbinoz.pl
ofils380@gmail.com
ge3234774@gmail.com
Mickael.Guny@ac-orleans-tours.fr
teachermuzafaru@gmail.com
da7322400@gmail.com
ridaadnan465@gmail.com
info@firstbank.com
joangates1012@gmail.com
gregwilson10111@gmail.com
robertuzo121@gmail.com
teemashaxa@gmail.com
wj569679@gmail.com
bryonyamelia7@gmail.com
jswanney1k@gmail.com
osagness02@gmail.com
evan1947@gmail.com
post@compled-solutions.de
pere@ameeco.com
andersmorgan7@gmail.com
contact@email.cbssports.com
kumarhari7981@gmail.com
moronfoyeolusolaadeleke@gmail.com
jp9827519@gmail.com
grahamcuteyqc@mail.com
richard.kong@munisanisidro.gob.pe
Publishers@mail.jasacendekia.co.id
angela@cn-tianbao.com
bd61214286@gmail.com
fatumalaw2020@gmail.com
odidigbowangari@gmail.com
fbi32mail@gmail.com
nielsscottn1@gmail.com
johnfairr1@gmail.com
fairheartj0@gmail.com
fhertj1@gmail.com
abdullahiisahribe@gmail.com
lydiaedon64@gmail.com
westernunionoffice8090@gmail.com
jacksonbilla3@gmail.com
sectionaloffic342@gmail.com
nachnylz@gmail.com
liz@rxmarketing.co
events@internationalscientificconfmeetings.biz
thomas.dobss@hotmail.com
officew919@gmail.com
fundreleaseoffice1@gmail.com
simaugustine99@gmail.com
joseph884104@gmail.com
webam12@outlook.com
dr.s.alhajii@gmail.com
kristengrist305@gmail.com
dhldeliverycompany080@gmail.com
kingsleyokeme8@gmail.com
Notice@pnclassaction.com
ekeneomor53@gmail.com
pulianwenchao@live.com
mohamed@volgocare.com
amandangiga199757@gmail.com
charles.francisfeeney8747@gmail.com
webeem37@outlook.com
kharmon@optusnet.com.au
anitawilliams373@gmail.com
abelsa90831@netvigator.com
johnkhaleed7@gmail.com
rm4061437@gmail.com
janem@invigomedia.com
caiwu@Futuralimited.com
info.emiratesuae@gmail.com
fridahnora2@gmail.com
mskhess@datazug.ch
bello201umar@gmail.com
mrs.jaslin.ikhsan12@gmail.com
jaslin.ikhsan11@gmail.com
emmanuelutor@gmail.com
maryjoshua3700@gmail.com
ecowashighcourt001bj@gmail.com
larrywayne368@gmail.com
mdukewillisom@gmail.com
goev718@gmail.com
zarawaziri7882@gmail.com
dhlofficcee@gmail.com
ularagambo@gmail.com
info@sender.com
economicofwestafriica@gmail.com
wunion496@gmail.com
jonesw.official123@gmail.com
sofiadaniel2456@gmail.com
info33355@gmail.com
sundayokolie1966@gmail.com
sales5@getemail.io
lemimillawendy10001@gmail.com
dce12212@gmail.com
Darin@meagroup.net
tyqeqwqdad.mamanzbznznz@gmail.com
drterriotutunzu@gmail.com
markben608@gmail.com
josephandrew@cox.net
jimmy.wearn@activeops.com
oceanicbank74@gmail.com
geyuzb@gmail.com
chimavic2007@gmail.com
jabirelijah@gmail.com
acheamponghunter96@gmail.com
frankdavidd11@gmail.com
alibabaidriss350@gmail.com
faibebobo@gmail.com
sliverjohnson38@gmail.com
drrhahassan88@gmail.com
babahsgstavars.nbsbasnabnabn@gmail.com
checherima.fatuma@gmail.com
rothsavuthh61@gmail.com
twtywerqasadaborohjonson@gmail.com
diwila001@gmail.com
info@usbank.com
test@gsfinishingmachines.com
nryan3082@gmail.com
engrpinto60@gmail.com
abigaelchemutai946@gmail.com
marcbinazon2@gmail.com
app@procket.com.br
adimoraholuchukwu@gmail.com
cupqatar1@gmail.com
mrsj9671@gmail.com
noreply@properdistributed.org
adomaaron44@gmail.com
josiahabeeku942@gmail.com
udomfonobong6@gmail.com
faro@wat-berlin.de
urgentinformation1f@gmail.com
imnanaturecure@gmail.com
sohidulsujon@gmail.com
worldbank1ofusa@gmail.com
agbrr2@gmail.com
rhianna74707@icloud.com
backup@gaidl-tj.com
gifttnovation@gmail.com
test@limon-kino.cc
cardcomments@crosscards.com
ivannuwomujuni44@gmail.com
ai3826452@gmail.com
edialgaycaru@gmail.com
hdshdud12@gmail.com
toshi@marll.net
rita.graham.s11@gmail.com
j.kimakia2017@gmail.com
ms.ngo810623@netvigator.com
bourgade@cims.nyu.edu
jekwudon12@gmail.com
ab9512012@gmail.com
nawinda@bright-ed.com
emmapatrick628@gmail.com
hiiipodll304@gmail.com
simonserahojochide@gmail.com
mrs.susankelvin@hotmail.com
mrssandra76@gmail.com
imranahmed4real@gmail.com
billingdept678031@gmail.com
alifmizan321@gmail.com
xiaolan@heligear.com.hk
sandradoug88@gmail.com
ralphmason761@gmail.com
sass68893@gmail.com
ugbenabarnabas16@gmail.com
tanako@net-qp.com
sivilaydepartmentbceao@gmail.com
richardjacksoniii25@gmail.com
abhinavmondal851@gmail.com
anyikoesther@gmail.com
zhuaxuna1@163.com
nzong916@gmail.com
webmaster@yjidc.com
abdurrashidfatima1@gmail.com
john66@hotmail.vn
directemail.debtmanagement@gmail.com
amosbtci@gmail.com
info.acalonzofirm@gmail.com
jennymonline121@gmail.com
parshuramuppar2@gmail.com
birdie66509@icloud.com
mariechantalfransiscalameille@gmail.com
fcecil551@gmail.com
erikolsenn@gmail.com
kschambers0@gmail.com
support@x-igent.com
trevor.lass@outsystems.com
Publishers@mail.sconnect.com.au
namanyajohnson50@gmail.com
adamumoral1982@gmail.com
info@asope.cz
bankwellsfargo577@gmail.com
info4@businessas1.com
ramahssass24@gmail.com
fatimanasiruabba@gmail.com
adewalebosede19@gmail.com
consultantsindia10@gmail.com
marisa.mukherjee@paycomonline.com
johanssonnicklas94@gmail.com
30195@colegioarubano.aw
oyfeda2012@yahoo.co.ph
cherry04@agoodforwarder.com
edwaed001@hotmail.com
alex@provedorm.com.br
reqruitment@ubgkw.com
miss.lovethwibrahim02@gmail.com
jmo694332@gmail.com
roliyoung168@gmail.com
sawilliams@dincloud.us
trey@connect.inncap.com
tripathymanorama09@gmail.com
jamesmalcolm203@aol.com
agnes.paulsson@ece-researchcenter.com
noreply@emechanicalair.com
todd@aldailynews.com
style@e.ardene.com
contact@apersonalorganizer.com
noreply@yalumba.com
marketing@email.brambleberry.com
email@email.lauramercier.com
bethany@mathgeekmama.com
Saucony@email.saucony.com
amy@theidearoom.net
ElizabethArden@offers.ElizabethArden.com
jami@anoregoncottage.com
Coldplay@news.coldplay.com
mail@quintanarootri.com
acpgastroenterology@acpprograms.org
globaloffice@acpprograms.org
lilyabc544@gmail.com
zampaarron22@gmail.com
asterisk@localhost.localdomain
info@fieldmaster.in
andrealeigh.edwards@hotmail.com
jimabelende8@gmail.com
no-reply@akisiru.jp
dev@roveconcepts.com
judyv766@gmail.com
ahmad.rifai@jntstar.com
ups@ap.com
uuch5753@gmail.com
jesusisgodpeter@gmail.com
t77nc@arrsm.org
PSMG@1105info.com
miriam.reinwarth@posteo.de
evelynjaxon00@gmail.com
Attorney2021john@outlook.com
b2b@discovermediacombusiness.com
davidhills1969b@gmail.com
sjpoffice2018@gmail.com
beto@andrewtrevinolaw.com
info-mediterraneanbook-com@getresponse-mail.com
chukaaaaaamadu@gmail.com
mpotcho911@gmail.com
rose32029@gmail.com
Chuck.Hetzler@CUDayandNight.org
oohara@msg.biglobe.ne.jp
caybarbs@gmail.com
danielwssn@gmail.com
douglasbenson7000@gmail.com
mick@junkprofranchising.com
executive@mjaysakerc.org
mmarshall@2020companies.com
notifyuser@pinturaselrisco.com
RTGNews@newsmailer.roomstogo.com
wisesea24@gmail.com
ceo@iem.solutions
michaelalverson@roselarose.com
qeral8344hes@gmail.com
info@brushamania.ca
grivera@excelfacilityservicesnj.com
no-reply@twplc.co
customerservice@shopruthiegrace.com
sandrina.omaru20@gmail.com
jsimi8526@gmail.com
ccfc@cmu.ac.kr
webweb4655@outlook.com
ce.0932588h@ac-creteil.fr
evelynjaxon832@gmail.com
ruthjames75244@gmail.com
lesmaxwell00@hotmail.com
wizpatrick00001@outlook.com
jeffreybryan025@gmail.com
mailer@studilmu.com
evelynjaxon3@gmail.com
batexmore1000@gmail.com
allure@newsletters.allure.com
marine.marine2918@gmail.com
johnjojj18@gmail.com
barristerjuliousmarkking@gmail.com
angeloko1989@gmail.com
marikozenabou@gmail.com
rbekmark@gmail.com
no-reply.sharepointonline@bp.com
ashvinichaudhari92@gmail.com
khbaek@bk2.co.kr
noreply@marcolin.com
info@creativeconcept.com.br
Akbar@fftokyo.com
SEHAR.0825228@pern.onmicrosoft.com
vikkibraun11@gmail.com
vikkibraun3000@gmail.com
donna@vanderland.net
info@dreams.care
joshua.yu@titanos.com.cn
juan.heine@presidencia.gob.ar
no-reply@iusinnovation.se
info@trippal.ai
info@bonnti.com
villeville703@aq.wakwak.com
info@urbiqq.com
aydan.salvati@eduhainaut.be
templejohn360@gmail.com
mcinnesdonna05@gmail.com
debbyhallcom137@gmail.com
admin@globalpaymentsreport.com
binmusa002@gmail.com
mrs.chantal166@gmail.com
mdabdullahaque436@gmail.com
dsa.domainsresources@gmail.com
kennethknisley691@gmail.com
dp@coimbatorecapital.net
noreply@eu.jll.com
saver.mail@health.southalabama.edu
noreply@topsportslab.com
tekmark88@cvsout.com
bjones@lillyco.com
tekmark1@convitco.com
support_dev@vicoland.com
erdinc_y@hotmail.fr
help@atomesel.com
swlee@hankukem.co.kr
ysh3376@newmotech.com
tominaga@originalstyle.jp
fab_edy@aol.com
dsarbayev@alaport.com
postmaster@basfss.com
mariadelpilarrezola24@gmail.com
dispatcher@ptncs.co.id
dinamckennahowley@gmail.com
team@airit.org.au
zb744700@gmail.com
kmaa85440@gmail.com
infomass@aol.com
rachellelavoie19@gmail.com
info@maison2retour.com
anasharunaibrahim1984@gmail.com
info@decibelapp.com
textech@textechonline.com
joshuaboblin@gmail.com
queenkarachi502@gmail.com
belindafarmer179@gmail.com
kengrchus@gmail.com
thomasonwilcox095@gmail.com
md8s-nrm@asahi-net.or.jp
barr.ponchom@gmail.com
astmgr@lhermitage2.net
brownhubert923@gmail.com
raghuram.rajan01@gmail.com
karina.rodriguez@umcc.cu
campstreet@listserv.tamu.edu
harisyaseen972@gmail.com
ken@yourpiepizza.co
mcordell@cityofpilotpoint.org
etumi5646@gmail.com
info@tele2.se
falato@waterrpot.net
webmarketing1@uams.edu
sales@thaiairways.de
test@bmw.com
namadim861@gmail.com
dikeefe17@gmail.com
bronwen270turner@hotmail.co.uk
andrew@harbour-residential.com
dhl.package@bp.com
kusndar@sigma.co.id
mcrsft1354@gmail.com
mrnanakofi05@gmail.com
analytik@planton.de
gsimonetti@boothbay.com
sales@borg-tech.com
msmith@boropharm.com
firmi322@gmail.com
infofirm774@gmail.com
info@weberdesigns.co.uk
advrichardc62@gmail.com
martafarouk@gmail.com
richardcarlson823@gmail.com
rlp88888881@gmail.com
hdianamary@gmail.com
NAME@em1691.mull0.cf
at5n-tkd@asahi-net.or.jp
rosiemichelle01@gmail.com
aishaalgaddafi4944@citromail.hu
projects192021@gmail.com
christy.toure08@gmail.com
re5897585@gmail.com
onlineubabank1@gmail.com
rassaqerasmane@gmail.com
medical@blueeyesintelligence.org
colt5095.t2@kzc.biglobe.ne.jp
sales1@ayaanhomes.com.au
shipping@tarinatarantino.com
45671chizy@gmail.com
info@alnabbahuae.com
18005240@vcconnect.co.za
mrs.theresenina12@gmail.com
edwardadamu8647@me.com
un@info.org
note@kyoto-seika.ac.jp
guillermoaherrera774@gmail.com
pvtmail2021@gmail.com
anthonygomilion13@gmail.com
davidnikiema988@gmail.com
fhadejia9@gmail.com
info@glendondanotti.com
financialclearinghouse0000@gmail.com
gdrfrancois@gmail.com
aly@semmaisdesculpas.com.br
modibosidibe1@gmail.com
richarddnabasa01@gmail.com
filicaokeh@gmail.com
sarathomas5166@gmail.com
jmahan@ccslasvegas.com
kpp.657@pajak.go.id
pastorfranciscolouis816@gmail.com
starfavour89@gmail.com
fraudcar@gmail.com
informatie.publica@ccr.ro
helengiggs88@gmail.com
mrscarolinefreund53@gmail.com
comfortsanya3@gmail.com
ogbadavid2000@gmail.com
amehrachael111@gmail.com
thomasonwilcox77@gmail.com
thomasonwilcox716@gmail.com
thomasonwilcox777@janapriyaschool.edu.np
mrsdoracheong77@gmail.com
azizissa2009@gmail.com
lila.luca112@gmail.com
Info@omnismart.awsapps.com
info@n1.polhat.eu
mr.frank_wes@aliyun.com
sac@agapetricot.pt
colin.carmichael@cvcarmichael.com
silvio.confalone@comune.roma.it
marianmimiyanki91@gmail.com
info@aroma-jsa.jp
cath@lloydlifestyle.com
ninawilliam232@gmail.com
santumadival4341@gmail.com
info@unodc.org
atmpaymentcard14@gmail.com
mr.roberttaiwo73@qq.com
test@digimat.it
sushilkumarudaipur3@gmail.com
goodchildcharityfoundation@gmail.com
executive.director@shammer-dev-ye.org
aadegoodchildcharity@gmail.com
yemribakayako00002@gmail.com
princenana116@yahoo.com
princenana914@gmail.com
rhajihaid8888888@gmail.com
johnmoor888@gmail.com
usmanhassan1@email.com
usmac00@gmail.com
marie.louise.chevalier19@gmail.com
mariadelpilarrezola2004@gmail.com
pastorjohn1991@gmail.com
eodieantoine@gmail.com
fenonwardn@yandex.com
jade129@biznetvigator.com
cooperannacooper@gmail.com
sundayobas2@gmail.com
matthewi@edp.co.uk
jeffbezosfoundation@outlook.com
jeffbezosfoundation10@gmail.com
sophiapatrick044@gmail.com
elgaddafiaisha66@gmail.com
party@e.us.partycity.com
no-reply@britishcouncil.org
researchforum_g9@latticescience.com
kruge5@outlook.com
jmboydiii@hotmail.com
alexq@salesandusetax.com
IHGRewards@mc.ihg.com
david.kavanaugh@cayuse.com
beninministerofjusticeo@gmail.com
lilymark81@gmail.com
kr225787@gmail.com
sb7858884@gmail.com
infofirm856@gmail.com
richardmckenzie204@gmail.com
zenithbankplcorg@org.org
ebenezeronyeagwu.gmd@aol.com
Zenithintbankplcgmd02@gmail.com
edwardadamu837qq@me.com
edwardadamu837866@me.com
ms.annahb245@gmail.com
chasebankjpmor@yandex.com
hello@support.inatlantis.com
stmjournals@elsevier.com
mrsaishag6555@gmail.com
moh.masoudd@gmail.com
ggmiller0313@gmail.com
hello@acrm.org
lenywoodrowg175@gmail.com
tyleryim@student.sv.academy
editors@fiercehealthcare.com
jessica@studyprotocol.io
ij78549612@gmail.com
mrproject20211@gmail.com
chibuzonancy100@gmail.com
garabamohammed2@gmail.com
infopaymentoffice171@gmail.com
lynt33320@gmail.com
fsccp2007@yahoo.co.jp
carolfeatherstone120@gmail.com
info@fmf.gov.ng
brad@email.medicorpinc.com
rskubish@botdoc.io
smartsourcellc@dreblowandassociates.com
smartsourcellc+dreblowandassociates.com@ccsend.com
aliyuozegya@gmail.com
williamvaldes884585@gmail.com
o49teamca@gmail.com
ndersontheresa.24@gmail.com
mdonaldchambers@gmail.com
officefile7653@gmail.com
dh.courier.company898@gmail.com
utomibobo@gmail.com
aichaeme5@gmail.com
nardhamuniganas@gmail.com
infor.paymenttoo7@gmail.com
louisealfredzx@gmail.com
microyearly28@outlook.com
bichn7190@gmail.com
revmichaeladamsjp@gmail.com
mrs.kasiguptahsbcloanptyltd@gmail.com
jasmine.taylor@leasequery.com
asuwadapharmdbcps@gmail.com
Alison.Jones@us.workbooks.com
azizduru101@gmail.com
ron+americanscreeningcorp.com@ccsend.com
subhasish1617@gmail.com
william.fulton@elastic.co
infofirm9@gmail.com
rafal@kontaktio.org
noreply@dclabs.eu
tommiemartins5@gmail.com
benmartins909@gmail.com
fredwilson380@gmail.com
fred25978@gmail.com
hajjouz@scs-net.org
info@huatu.com
suporte@letmein.com.br
test5@mynet.it
douglasbriggs77@gmail.com
melissa@inusoninc.com
lightworks@goddessfirst.com
mlamanna@ecsd.us
mtcasanova@fhtm.us
helper@ama-shakyo.jp
ghagahanij@gmail.com
tochiharusun@docomo.ne.jp
momentaryln9h@outlook.com
jn.hendrick@outlook.com
wider@widerszx.com
livelyndubuisi2016@gmail.com
coo.operating.officers1@gmail.com
noreply@omron.com
ian@bnicanada.ca
sylvester65@test.wrkmash.com
cindysnell1011@gmail.com
sales1@iye.com.de
jk4386367@gmail.com
marknoble597@gmail.com
flannery0123.ep07@nctu.edu.tw
ego686861@gmail.com
vivansalem50@gmail.com
pasamindrani.eee@gmail.com
info@revealedfilms.com
intomowh43@gmail.com
emf@emfoundation.org
woundsource@kestrelhealthinfo.com
ServiceCenter@treasureislanddraws.co.uk
amigosinparadise@hotelparadisepark.com
kirstin.bond@chemicia.com
servicecenter@vnomltherbe.co.uk
yugograce4@icloud.com
test@takedapumpy.cz
dhl@deliveryfile.com
marketing@grmdocument.com
Alan.Hall@UKY.EDU
dolley@b2bbusinesscontacts.onmicrosoft.com
brainpac@aan.com
arauzj@grupomelo.com
customercontact@carringtonms.com
nm0801973@yandex.com
gabriel@hello.trueaccord.com
qhzyshksyyzizjh793689979489375@gmail.com
imaizumi@tmy-net.co.jp
fleischs@gvsu.edu
muphyd47@gmail.com
johnsurendra@forumconferences.online
admin@mymedicalimages.com
Xerox_Multifunction_Printer@fesengltd.com
BWMQs@usf.edu
svPRn@usf.edu
luizantonio@parme.com.br
missagatha123@gmail.com
jcli53352@gmail.com
katekatee2018@gmail.com
rgeorgebj01@gmail.com
support@storageupdate.com
alo@cpaiv.com
04946@deltalife.org
no-reply@oantagonista.com
nanna@em.hobbii.se
noreply@email.sunspel.com
email@emmabridgewater.co.uk
newsletter@eastwood.com
marketing@baudaeletronica.com.br
eric.corfield@marketjoy.co
webinars@reply.podium.com
Bishop.Carmichael.m@wvumedicine.org
help@es-fascinante.com
mrstevensam09@gmail.com
cbnrk2010@gmail.com
coekoto14@gmail.com
robert.kooper1@gmail.com
mrs.marygeorge4545@gmail.com
johnlillian750@gmail.com
stevendan866@gmail.com
merchanalvarezadriana@gmail.com
dhl.service1245@gmail.com
allenjohnson19791978@gmail.com
mrsjulianawilliams47@gmail.com
nasha.tagro201@gmail.com
ahsanwaleed397@gmail.com
duosteven0@gmail.com
mr.aminuaruna565@gmail.com
admin@h3a.my
import@kausartrade.com
monjidahnel@gmail.com
msndndndh692@gmail.com
no-reply@pidigital-hml.com
roselinefrank002@gmail.com
karolina.figorek@przedszkolakichojna.pl
lraymond446@gmail.com
sylviajones651@gmail.com
alexbrank050@gmail.com
franklbil60@gmail.com
rev.charlesabas@gmail.com
soumanoumarouf@gmail.com
info@zarandiau.ac.jp
sr661258@gmail.com
kim.bright303@gmail.com
elizabethethk0@gmail.com
richardseaman.2@prasarana.com.my
ritamicheal26@gmail.com
test@jzbgno.hospedagemweb.net
ademopera93510@gmail.com
lindaccowen98@gmail.com
Tina.Piccione@ZynoSolutions.com
zahir@microelecs.com
moh4585285@gmail.com
seuo@welsl.tk
dmartin@bordas-france.com
info@email.actionnetwork.org
noreply-caci-p2p@ivalua.com
moshe@service2profit.com
smtpfox-yeuxh@canada-post-tracking.myskinexpert.pt
tujimura.rftrimm@tam.ne.jp
info@n-artics.co.jp
sseo@ghhl.com
sajumonkjoseph@hotmail.com
janaa38939@gmail.com
jabernathy@carostaff.com
hazemom177@gmail.com
meg@lifetreelending.com
martine@martinepaquin.com
ryounes@misd.net
noreply@toolfetch.com
nationwideichich@gmail.com
mallory@botdoc.us
mrssufiarees.147@gmail.com
ferdinandskhosana@gmail.com
mrjamespeter19777gg@gmail.com
officememo1925@gmail.com
foreignremittdepartment1@gmail.com
mrpaulmadiiim01@gmail.com
mrdorothyga@gmail.com
dorathyg2002@gmail.com
dorathygar982@gmail.com
dorothygaby88@gmail.com
drrosemarythompson@gmail.com
prize7515@gmail.com
mrusman.kamal3@gmail.com
noreply@workflowstatus.one
engineerdavidjames@gmail.com
theteam@createandgo.com
logan@foundmeonline.co
nita@onlinecheckwritero.com
tm884h@att.com
supert7086@yahoo.com.hk
vidakuzman20@gmail.com
angel@toplan.com.tw
mcervantes@hyd.com.mx
mikechi422@gmail.com
agugumre540@gmail.com
kyarihajiyakulu@gmail.com
adeolaluku@gmail.com
hema01054333@gmail.com
m.obieglo@spaleck.de
u7c88c10@gmail.com
adm@molsando.com.ec
barristeroffice200059@gmail.com
pd207352@gmail.com
ibrahimidewu4@gmail.com
demo@himail.com.tw
admin@arangoinsulation.com
Sandra.Brown@mdcps.ms.gov
jolucy662@gmail.com
fatou1970faye@gmail.com
sallmbayang34@gmail.com
abdoulayefaye749@gmail.com
774588150dial.com@gmail.com
visa.sms@pmm.am.gov.br
larrydavis909090@gmail.com
sales@aedga.com
centerinformation6@gmail.com
official.desk4000@gmail.com
test@comstar.ru
ej080393@gmail.com
evelynjohnson340334@gmail.com
annlorien2017@gmail.com
admin@eurogum.me
clinton@coloradoetrust.com
barristerrobertkabelo1960@gmail.com
edadel490@gmail.com
fyarza@ttforwarding.com
obilarry341@gmail.com
Alerts@MidlandMortgage.com
fredricksantos55@gmail.com
williams&fudge_1@wfcorp.com
rwahl.winner@gmail.com
contact@gion-lupin.com
engin@yildizinsaathafriyat.com
adamg@base-4.com
eschwind64@icloud.com
mumbaiops@nisaeye.com
orders@livexlighting.com
kaelte@strakerjahn.de
smtpfox-ni7dm@amalca.pl
info@gyulaablak.hu
replies@extendicare.ca
admin@space.org
pagaurobeverly@gmail.com
infoimfengland@gmail.com
europeanunionfundmonitoringuni@gmail.com
greavesmrsmaureen66122@gmail.com
galileegroups.int@gmail.com
robertkelly.dept@gmail.com
postmaster@smartlinksllc.com
thayerthomas24@gmail.com
malichetlagovinda@gmail.com
newsletters@ubuy.com
notifications@harvestapp.com
no-reply@prada.momentumsolar.app
info@plantex-karlsruhe.de
rtolomeo@erc-corp.com
mustaphaizumbe116@gmail.com
imfoffice2722@gmail.com
kenwillims1@gmail.com
gatsrsa@gmail.com
suzancatim1010@gmail.com
hassanamira02@gmail.com
info.hsbcswissoffshore@gmail.com
reply1@synterresource.com
kw9201132@gmail.com
dowellscott951@gmail.com
mbawa682@gmail.com
maitrenorbertenochdabire@gmail.com
charbelkan77@gmail.com
Tiffany_Fontenot@web.de
alicewilliams71@gmail.com
mark89828904@gmail.com
richardsmith021@hotmail.com
mrbarrywhite48@gmail.com
haider.niaziint4@gmail.com
dgote16@gmail.com
harrisbaleni2@gmail.com
gpeillon@devign.fr
lwazimazibukoqatar2022fifaworldcup@executivemail.co.za
augustineoniwon75@gmail.com
bongaraloveth@gmail.com
lawfirmbarrpauljackson@gmail.com
mjosen58@gmail.com
smtpfox-g15ni@3-upstesting.site
torrescatherine572@gmail.com
mrs.padave2000@gmail.com
abedejosrhoniej2@gmail.com
pbnc@accesscomm.ca
bennhedley@gmail.com
ahmahmud644@gmail.com
rosalynljohnson@gmail.com
surveyapplicationjob1@gmail.com
bapoullo385@gmail.com
maria@kosmosplatform.ai
James.Brown@edmondok.com
JSestak@pevco.com
rcleveland@techcontainer.com
jaymebarnard_no-reply@tsubame-corp.net
slmcclain_no-reply@tsubame-corp.net
jcordova@lmdlogistics.com
cecile.reesdejaegher@skynet.be
info@www-dev.stockviva.com
fgeairceap34@gmail.com
arshad@ptcl.net
jeffmabong1@gmail.com
tjones_helpdesk@shokyukai.or.jp
robison@pacific.net
jharris_helpdesk@shokyukai.or.jp
catedralalmudena@archimadrid.es
milomgaylmdz@gmail.com
CSturgeon@criticalalert.com
zannarobinson4@gmail.com
mrseunicedafia03@gmail.com
Jack.Barry@forcepoint.com
james@put-in.com.tw
mah.dun@kaiserjv.com
smtpfox-qma26@dfwcontractingservices.com
attorneyboris50@gmail.com
estsevmoses@gmail.com
nbruneau778@gmail.com
mrsyettybayarmaa005@gmail.com
georgemichealgm1970@gmail.com
jamesoloye2016@gmail.com
mathewswilliams1970@gmail.com
sandrine.tagro205@gmail.com
chibuezeamanda996@gmail.com
harryb.bobi@gmail.com
caro.tag2019@gmail.com
caroline.tagro31@gmail.com
test@execard.com.ar
dr.frostadrian06@outlook.com
gaddafi2101@gmail.com
maryjosen43@gmail.com
hassan.idowu1@gmail.com
edwardchijioke34@gmail.com
msvickda@gmail.com
ritamicheal19@gmail.com
wisegabriel594@gmail.com
jjmmesmc@gmail.com
fuqingzheng@asia.com
mrlevy.jam342@gmail.com
emmanuellakoffi153@yahoo.com
diplomatmarkwilfred@diplomat.com
morganrichard837@gmail.com
fallougaye9434@gmail.com
ww.ubaofffice@gmail.com
Adrianfrosta033@outlook.com
dr.frostadrian010@outlook.com
dr.frostadrian011@outlook.com
senioradviser14@gmail.com
senioradviser13@gmail.com
senioradviser09@gmail.com
mrswandsmith957@gmail.com
wandsmithhelpline@gmail.com
morgan.wynne@komprise.com
ritamicheal777@gmail.com
maryjosen513@gmail.com
emmanuellak504@gmail.com
narkewilliams1@gmail.com
iamtoucdedtoday1@gmail.com
nuramuhammed212@gmail.com
Nkuhluclement@gmail.com
williamsmith56236643@gmail.com
michaelmichae2015@gmail.com
kathybrock2511@mailcatch.com
jonquilsc3@lightanew.com
kathyw@lakeinteriorschelan.com
sigi@schorpp-home.de
kbrzyg@miffcrffodf.com
shk@paul-kocht.de
jrwlvect@freelymail.com
john.worthington@uk.experian.com
lumber@pekinhardwood.com
magdalenanathan@mailcatch.com
luwpejat@skm.clashatclintonemail.com
fgdrt@goood-mail.com
shiinaterumi1@gmail.com
shiinaterumi47@gmail.com
missmyriamib@gmail.com
trevorvaughan@student.sv.academy
trujillob@meddoc.net
shammel@meddoc.net
jcalvert@meddoc.net
ncdexterity@ci.hoover.al.us
bettytran19@gmail.com
johnwilliamnichol7@gmail.com
missdonnabrownlov13@gmail.com
mrssophiaanna@gmail.com
gloriafebian0@gmail.com
CIFUENTES.MARIA@uces.edu.co
j-mohr.2@onu.edu
info@bnffc.com
chineduobodo292@gmail.com
Friderike23@yahoo.vn.me
blessingrita27@gmail.com
sumiericardo@gmail.com
elymiguelsarl@gmail.com
senioradviser11@gmail.com
mr.cash1950@gmail.com
JS@spinellaconsultingacquisitions.com
shwetasurve316@gmail.com
rajeshribahadurjit@gmail.com
mrsjosiewilson111@gmail.com
brazeau@cyberus.ca
dr.kofikoduasarpong4@gmail.com
infomailpost86@gmail.com
seebreeze2121@gmail.com
raya28108@gmail.com
ncho58521@gmail.com
mrskonehelen@gmail.com
info4409876@gmail.com
moosa.manafan@gmail.com
jamesego777h@gmail.com
elektro-thomys@bitel.net
jazminhc@cell.cinvestav.mx
K_donotreply@myloancare.com
conneligwilo2016@gmail.com
jurnalhukumperadilan@mahkamahagung.go.id
ld019660@gmail.com
sb002108@outlook.com
sazerpokto789@gmail.com
mailmanager@medisimaging.com
hello@wingheong.com
samwel.bushukatale@muhas.ac.tz
kohei_ybb@yahoo.co.jp
kiojiuuuiikilooo@gmail.com
paul.aust101@gmail.com
ollis.bko@gmail.com
mr922344@gmail.com
wemba247@gmail.com
mallame492@gmail.com
ahmadusmanprivate1@gmail.com
yunnanmrsyuging@gmail.com
dmasuk641@gmail.com
sietay421@gmail.com
donaldwiilyson@gmail.com
pojalistic00@gmail.com
myoung@astound.net
mrsmaggieshumejda@gmail.com
offers@emails.creditsoup.com
abdulrehmanarif225@gmail.com
greeniz9@aol.com
cobo0023@yahoo.com
Shengrilah@Yahoo.com
officina@euromeccanicata.it
cliffordmama534@gmail.com
dr.frostadrian014@outlook.com
dr.frostadrian09@outlook.com
bonneysteve365@gmail.com
mike@clumhd.com
brielle@Globalcontacts.onmicrosoft.com
aishagaddfiaishagaddfi@gmail.com
ormodboulweer@gmail.com
noreply@thesolarlabs.com
jerryhugh10@gmail.com
ericthomasm32@gmail.com
mackenziecharles40@gmail.com
zqinluv@yahoo.com
info@gtc.com.co
garygilmour282@gmail.com
alaudbuss5@gmail.com
prefeitura@craibas.al.gov.br
how.to.train777@gmail.com
performance@peoplestrong.com
konerosemary@gmail.com
thomaskoso336@gmail.com
alex.aba002@yahoo.com
acreditedagentb@gmail.com
dkjconsult@gmail.com
adamspeter726@gmail.com
abdoulahimahamadou575@gmail.com
shahyetin@gmail.com
scarokwara111@gmail.com
hlpdskupgrd@outlook.com
ashoknayak0519@gmail.com
Zazilie52@nicknames.mf
Irina51@mailttle.bn
jasonelson0@gmail.com
maria.lopez.seex22@gmail.com
accssbankinfobkonline@gmail.com
info@unitednations.org
inspireuplift@mail.safeopt.com
info@e1.mydress.com
maria.gutierrez@jnj.gob.pe
davidgreen2430@gmail.com
dondonald18@gmail.com
toli_zzr@interia.pl
i.guruli@cloud9.ge
Miriam921@goplay.bo
kodavid66@sulid.hu
dylan@pressertech.com
terry.baldree@almalasers.com
icsmeesptyltd@gmail.com
akos.lorincz@unitedcallcenters.hu
deborah.hurtado@mail.automaticsync.com
64124230110@live.lpru.ac.th
s00000017221@student.uph.edu
m.caruso2@studenti.poliba.it
gallowmalik1@gmail.com
unitedstatesambassadortoniger2@gmail.com
stevrrobinson4444@gmail.com
diplomatjames012@gmail.com
ridoyb830@gmail.com
m.billah77@yahoo.com
annaicelands2016@gmail.com
joangateswang@gmail.com
boyabby50@gmail.com
ross_abbott@sincusa.com
info@hsbc.com
exp@tcpm-21.com
order@monoplan.jp
mbulitrevor@gmail.com
petermicha9@gmail.com
charlesdurha@gmail.com
dhlcustomercare278@gmail.com
westenub370@gmail.com
barrmatinawisdom@gmail.com
reverendfather.alex.godwin11@protonmail.com
brian@go.filevision.net
delia.d@onet.eu
dhsdevice@gmail.com
leo.arnaud@hotmail.com
mr.jameskhumalo384@gmail.com
central.mrgodwinemefielecbn2022@gmail.com
dhl__deliver@outlook.com
stan@soborka.net
customvicks@yahoo.com
greghilton274@gmail.com
noraalex12345@gmail.com
philkd191@gmail.com
ericjonathan6811@gmail.com
mustaphagabba69@gmail.com
user@transferbigfiles.com
dj@schaan.org
andrewhowes000100@gmail.com
ryannicholasjohn@gmail.com
operaciones.solein@gmail.com
infon@freebit.com
customerservice@tv.directv-mail.com
donotreply@BusinessTrack.com
nsantiago8942@stu.nuc.edu
41012lnfo0rder@bitsnix.com
admin@support.halstedfinancial.com
nsantiago8942@stu.nuc.edu
trippy1104@gmail.com
seth@theschaeferagency.com
chalhimachal677@gmail.com
mrsmargareth03@gmail.com
southalabama@itshelpdesks.com
montevallo@itshelpdesks.com
hao09510@rio.odn.ne.jp
scruz5860@stu.nuc.edu
chris.voinche@ahmgt.com
PMU@bhcustom.bulletinhealthcare.com
Dr.McDougalHealth&MedicalCenter@coppermail-usa.com
memberservices@acrm.org
elainemurphyrbof77@gmail.com
charlottebyrd79@yahoo.com
noreply@letters.fncbinc.com
Publishers@cloud.megainfo.co.th
donotreply@BusinessTrack.com
noreply03@cpost.plala.or.jp
do-not-reply@availity.com
admin@offers.hfsonline.info
donotreply@faxonfirearms.com
hamzahashmi87@hotmail.com
noreply@scient-abstractsubmission.biz
jobs-listings@linkedin.com
jomandam@logzilla.email
email@create.prezi.com
writers@unex.ucla.edu
thechildrensplace@promo.childrensplace.com
HEART-FID@dm.duke.edu
andrea.baccenetti@boostlingo.com
jeff@jsrecapital.com
honors@h5.hilton.com
rosangela@twa.com.br
COORDINATEDiabetes@dm.duke.edu
donotreply_milestonecard@email.concoracredit.com
katz.katie@boardsi.com
Info@Insights.ul.com
lnorwood@readinessrounds.com
tylers@cynet.com
kstoneman@5stechnologies.com
jno@kzscience.com
citicards@info15.citi.com
awards@tl.americanregistry.com
amin-hilmi@corp.zingtree.com
marketing@us-oticon.com
a.freudenberg@nationalrecalls.com
info@insurancemd.com
compliancewire@insights.ul.com
0rderTGF7470@smpn2ampelgading.sch.id
messages+20081nxsnypka@squaremktg.com
correo@protege.cll
sean.p.conley.mil@health.mil
info@mail.goodchancehome.com
email@email.shopify.com
noreply.ser@agilitihealth.com
Judson.Willard@resmed.com
collections_us@oracle.com
hello+accuhealth.me@cmtd1.com
acannon@allenturnerhyundai.com
marketing@aidoc.com
admin@outreach.halstedfinancial.com
lloyd@corp.halosolutions.com
invite@harrispollresearch.com
terrygloria@x0g8eqb.onmicrosoft.com
VZR@1105info.com
amanda.mcqueen@corp.kibsi.com
info@mail.goodchancehome.com
dealers@lease.auto
notifications@korchek.com
info@crm.takeda.us
info@usa.net
medintel@hcpconnects5.com
fsb1@fibertel.com.ar
mayhoo@mail.goo.ne.jp
ProductReportCard@email.btobadvantage.com
jason.beck@azra-ai.com
dse_NA4@docusign.net
Derek.Kiecker@spok.com
PMU@bhcustom.bulletinhealthcare.com
jordankimberlyi@x0g8eqb.onmicrosoft.com
DMootrey@rauschsturm.com
southalabama@vegasnews.uk
robertpamsales@romiovape.co.uk
contacto@polizainformatica.com
admin@www.eko-terma.pl
rh@brascon-ba.com.br
info@qadraj.com
info@gretasguns.com
news@adtechdaily.com
contact@stratiotechnology.com
hello@first-strings.com
contact@botanickel.com
no-reply@przyjaznapolska.eu
no-reply@mediakit.latimes.com
email@grupojepri.com
wordpress@jagandcopackaging.com
email@greenlaamgroup.com
info@dainal.it
admin@villabar.hopedesign.com.br
reservations@aonecabodeluxetransportation.com
daniel.wilson@sfasu.edu
dte@modaltrade.com.ec
support@citrobaseoptions.com
supports@harreh.com
info@kimurasoap.co.jp
sales@easycarttt.com
feedback@theclosingexchange.com
info@eujentravels.com
postmaster@home
mailer-daemon@barracuda1002.postfix.fc2
support@anwojuehopefoundation.org
info@e-functional.com
newsletter@vina-rock.com
noreply@proman-uk.com
jessica@thepearlresidences.ca
info@perfectpals.co.uk
c.wichmann@orchideen-wichmann.de
feedback@ppib.gov.pk
wordpress@r2v.com
info@efmatoursafari.com
info@pasowine.com
lesley-anne@mevest.ca
proposals@genesisassetfinance.co.uk
nigel@yellcreative.com
contact@pivotnoir.ro
noreplay@influencerawardsspain.com
wordpress@av-automatics.ru
info@td-meleuz.ru
email@delphiwebtech.com
booking@seychellesexcursion.com
elektron@elektron-rawicz.pl
email@urqcom.cl
info@sydenhamprimary.co.za
newsletter@fratellowatches.com
hello@bizcuits.hu
contact@camping-lac-monampteuil.fr
info@todocontainer.com.ar
hello@choice.accountants
info@total-containers.com.ar
info@hereegypttours.com
hedef@hedefhavalandirma.com.tr
design@alancapeling.co.uk
support@gtfcharge.com
allen@roseman.law
info@vein.zone
support@innide.com
help@zusta.store
info@brighterbites.org
no-reply@mhp.fr
info@trademan.com.ar
noreply@phiboule.com
webmaster@freespeech.org
admin@markertize.com
support@beestripe.com
noreply@minutpass.com
praxis@hausarzt-puetz.de
noreply@temlos.cz
donotreply@scrapnjunkcarremoval.ca
support@inetfeathers.com
info@nurse-tenshoku.jp
kontakt@dialysezentrum-siegburg.bluetezeit-hosting.de
askus@online-fragrance.com
care@dentspa.com.tr
info@dreamhaiti.org
info@btopadvisor.com
kate@vobraz.by
noreply@sterlingoakcabinetry.com
no-reply@ibexsouthern.co.uk
noreply@rebirthempowermenteducation.org
info@lesecureuils-meursault.com
support@listerr.in
contacto@hoteltejeradelnalon.com
falecom@ervadocefarmacia.com.br
support@routetycoon.com
editor@truthdig.com
arreta@izarkom.eus
kundenservice@mycannabis.de
info@jan-nachtigall.de
info@mediaonegroup.com
support@dailymarijuana.io
form@usisi.sk
tenpaku@starface.jp
noreply@nestraining.co.uk
info@guidetoursoludeniz.com
hello@araschrijvers.com
info@takasakidental.com
noreply@anacapacanyon.com
info@aishinova.com
sales@pyinfotech.com
info@jszilina.sk
service@koolconceptsus.com
client-relations@mckalmon.com
support@level.com
vendas@mdstronic.com.br
support@onpointproofreading.com.au
info@prophecybookkeeping.com
info@northwoodknights.co.za
usuarios@autosede.com.ar
info@laposadadelosgnomos.com.ar
noreply@fourworldsfoundation.org
yamawaki@toritani.net
adm@unidadquirurgik.mx
online@federicohelman.com
mw2pf82h31@sign-display.co.jp
dostava@deliverin.rs
admin@repsolgain.com
info@dlinecosmetics.com
hello@replantedministry.org
jenny@jennysetgo.com
info@ambiancestyle.com
info@xtremeacservice.com
info@carys-perlenfee.de
samples@likora.de
editor@roadsafetyhub.com
management@lyftfitnessgresham.com
customerservice@securewebservices.com.au
pressewart@schuetzen-trittau.de
helpdesk@kreativekrew.in
info@sanyokihan.com
enquiry@bonjourneys.com
info@ileadlancaster.org
info-serviblanc.com@serviblancelectrodomestics.com
office@simplytec.group
noreply@montanaloghomes.com
noreply@valoreconsulting.net
pascal@webmarketing-ravage.com
markjr@bombthrower.com
info@depablosehijos.com
info@stcskillstraining.com
admin@tech88.ca
stuart@basslinepublishing.com
contact@adem-decastar.org
info@zeroemissioncompany.eu
marketing@renovoseed.com
sale@bam-z.ru
no-reply@wychrist.org.au
noreply@malbrosfurnitures.com
pedro@gringo.pt
info@linumconsult.com
no-reply@shadowsystemscorp.com
contact@medalloinvestments.com
meganpublishing@meganthemisconception.com
info@qui-polizza.it
noreply@dewdiamonds.com
wordpress@ledcity.pl
bilgi@e-isletmem.com
support@debestbeauty.com
ichikawa@neo-art.co.jp
ftld@ftld.com
info@hair-tech.org
info@ambiente-bern.ch
postmaster@theluxcollective.com
jen@connectedandthriving.org
interested@wearecwrk.co.uk
strategie@strategie.gouv.fr
support@topmaster2022.wpengine.com
hello@yomu.love
info@altannaf.com
noreply@qeiq.com
admin@mits.vic.edu.au
info@profidrone.eu
info@grannet.co.jp
kp@another8hours.com
contact@tarquis.fr
info@ado-sfera.ru
team@plan8.pro
unm@universite-mandela.com
skyjacobs@wildsonora.com
beta@tor.com
vulcan@visitvulcan.com
natgrant@nhbre.com
info@xamaranoict.com
contact@rhykian.fr
info@airzonefl.com
podcast@easyprey.com
info@gurushala.co
info@plomeria24horas.com.ar
sac@aumadesivos.com.br
wordpress@irjgv-hamburg.de
webmaster@rentime.net
info@h2rijders.nl
info@socendochile.cl
web@jonnybricks.com
atendimento@vitoriaventiladores.com.br
info@cosmocreative.net
no-reply@jibalzone.com
info@figr.ai
member.enquiries@xercise4less.co.uk
info@planet-leisure.co.uk
no-reply@77store.de
info@miida.net
info@cryptocountancy.nl
noreply@iposis.com
info@edificiocomercialquito.com
salesandmarketing@olympusinc.com
info@breckwoldt-it.de
info@bartorelli.it
info@rehobothconstructionlogistic.net
jimtown@jimtown.com
marketing@macfinder.co.uk
info@sixtusmotorsng.com
contato@condominioburitis.com.br
news@gsd.harvard.edu
hello@evolutionfitnessequipment.com.au
quoterequest@pipefix.co
louise.knopp@languageservicesdirect.co.uk
noreply@thelonerganclinic.com
info@calzaspormayorluck.com.ar
biuro@topservicetruck.pl
connect@leenaagupta.com
info@nc-room.com
it@nsnt.org.au
info@chutnaj.sk
inq@senk.co.jp
info@scjzambia.org
wordpress@ootanikensetu.co.jp
info@acuite.fr
sales@indiru.ru
info@owlpk.com
no-reply@gagroup.net
info@zerkalofilms.com
noreply@balneariobambi.cl
nena@orchidpaths.com
info@fransjegimbrere.com
info@slopeoff.co.uk
info@demvolctr.org
comercial@amrengenharia.eng.br
wordpress@opyos.cz
wordpress@bodaschinas.com
contact@midani-food.com
info@vi.ie
coinstat@coinstatslife.com
info@lacosmica.store
admin@theclarencepark.com
kontakt@witter-mobile.de
info@helioscreen.com
dcdefoe@barimd.com
info@caritasverband-celle.de
notifications@bindcast.com
editor@coda-editing.com
info@simplefoodproject.com
hello@naturallyyoumag.com
info@barborajelinkova.com
biuro@cuzytek-tlumaczenia.com
email@yendoalson.com
walks@grampianspeaks.com.au
chat@allcelebsinfo.com
registration@businessgrowth.africa
no-reply@notifications.leadpages.com
info@dione-iran.ir
aag@intek-expo.ru
noreply@digitalcircles.agency
contato@poupapassos.com.br
cron@brvzeitung.he-hosting.de
office@breakawayinvestmentgroup.com
sharon@whereisyourcalm.com
info@mercycorps.org
consultation@smithsfarm.info
customercare@instacareinc.org
enquiry@kamscharityfund.org.hk
hr@techsmiths.co
support@allrealms.biz
email@skybikecusco.com
etik@cakmakcigrup.com
info@camponeder.com
info@minois.co
hello@thebarreteja.com
info@pvcstolarija.eu
no-reply@purvanchaljodi.com
kota@kota-meteore.com
noreplay@healthbrandslab.com
info@gelbett.at
info@occhealthpredict.com.au
newsletter@forevercheese.com
no-reply@otegasamuel.com
office@diana.at
mail@etechnocrat.com
sales@genking.co.za
claire.oneill@earthwiseaware.org
noreply@gopherbearing.com
ablebot@ableto.com
angie@angiesfolkhearts.com
info@davic-martng.com
ajuda@yuool.com.br
whatup@every-last-rock.com
info@portremarmara.com
support@csa-cert.eu
support@milasecret.us
ma.rodriguezduran@papupark.com
info@nvgranollers.com
arash@moiengroup.se
support@trustacc-credit.com
info@hotelsuites.nl
hello@brintoncare.com
noreplay@confortex-store.com
newsletter@crea.fr
info@enotecaproperzio.com
sales.fi@findust.com
info@lfbm.org.uk
mail@mkakarate.com
info@meinmacher.com
no-reply@intermed-praxiszentrum.de
pedidos@twot.cl
hello@simplyelegantstyling.com.au
admin@herbpower.org
ventasweb@denkyelectronica.com
prinorte@prinorte.cl
info@jumprevolution.co.uk
danielle@angatu.arq.br
info@imtlazarus.com
sales@devmanufacturing.com
hello@provideitconsulting.se
hello@spiritanimalguide.org
info@destinationnorthernontario.ca
info@tuescaparateweb.com
info@felixtitle.com
support@westbill.com
wordpress@dukannstgolfen.de
contactoweb@grupoalemana.com
info@ftcdoha.com
newsletter@movietv.co.uk
chad@freshfitnaples.com
noreply@tomstap.co.uk
mailing@andros.nl
admin@coronavirussolution.com
info@ucargentina.org.ar
no-reply@godrejjersey.com
noreply@wwz.ch
info@lamarchebleue.ch
contact@lawplatform.co.jp
noreply@dosandes.cl
info@homeandrepair.de
no-reply@scandiafunland.com
contato@nuwa.com.br
cgo@cosmosaircon.com
info@jacquesmartinhockey.com
formularz@do-czysta.pl
tfm@simsasylum.com
redes@rdnet.com.ar
no-replay@descansojava.com
in-outt.cl@in-outt.cl
al@comedy.co.za
info@imkerei-efferen.de
agent@fareedawashington.com
gitovoinfo@gitovo.com
contact@grandeecolenumerique.fr
info@taxwise.co.za
no-reply@amaltea-polska.pl
contacto@offenbach.com.mx
biuro@monetario.pl
support@invisecret.com
info@federacionmexico.com
information@gkd.co.jp
info@coneronews24.it
wordpress@productosmarcopolo.com.mx
contato@galpaoalr.com.br
marnie@shorewooddevelopmentgroup.com
info@woodchesterhouse.com
admin@bloominglightsschools.com
ssweet@bradensupply.com
info@firstblissrevenuemanagement.com
info@economistaspontevedra.org
info@smarthomeserviceinfo.nl
dezwerfkei@landgoedseubers.nl
autorespond@www.cool-danke.de
support@convertobot.com
info@modernbesiktning.se
service@oboy.de
info@sanvedenterprises.com
forms@fossilexcavationfresno.com
hola@madresdeluz.com
emkt@promotips.mx
admin@expandlifemastery.org
travel@beunsettled.co
sac@spax.store
web@diamanteluxury.com
markus.posch@tecconsult.at
info@britishservices.eu
no-reply@tidekaytech.com
info@mazzoninews.com
info@bulkwavecapital.com
admin@homekoffee.com
no-reply@angrisanieditores.com.ar
jrhoeft@jrhoeft.com
info@organicolombia.com
vendas.gilberto@wilcos.com.br
hello@scholarsoffinance.org
postmaster@saltresorts.com
news@eclosoir.fr
info@smartpatients.com
info@highways.today
info@wetnwildbeauty.com
webadmin@abaraauthor.com
no-reply@homeschoolingonline.cl
noreply@austingynecomastiacenter.com
info@saboresmendoza.com
c.darnaudmaroselli@jeandemerry.com
hello@msrachelhollis.com
info@amicocavallo.org
info@dealerfleetsolution.com
info@nilu-teppich.de
recrutamento@acetech.com.br
info@terahervilla.com
sales@pinpayments.com
noreply@charkhdande.com
info@tokyojames.co.uk
theteam@curohealthcare.co.uk
wordpress@golf-pods.co.uk
talkwithhip@hollywoodinpixels.org
refill@ashcom.in
info@agcomx.com
stan@rightsuniversal.org
magali@mergecargo.com
hello@apisfinancial.com
geral@acabehome.com
matt@matthewtyas.co.uk
edytakasztelan@castellanidekoracje.pl
info@braendle-zelte.ch
forms@superiorsealingsolutions.ca
info@barrierepiscinesouple.com
sac@peccin.com.br
admin@raisegroup.mx
info@camping-ardeche-midi.fr
laboratorio@melacrom.com.ar
pedidos@chorigolcentrohistorico.com
